<?xml version="1.0" encoding="UTF-8"?>
<beans xmlns="http://www.springframework.org/schema/beans"
	xmlns:xsi="http://www.w3.org/2001/XMLSchema-instance"
	xmlns:p="http://www.springframework.org/schema/p"
	xmlns:context="http://www.springframework.org/schema/context"
	xmlns:c="http://www.springframework.org/schema/c"
	xsi:schemaLocation="http://www.springframework.org/schema/beans http://www.springframework.org/schema/beans/spring-beans.xsd
		http://www.springframework.org/schema/context http://www.springframework.org/schema/context/spring-context-4.2.xsd">

<bean id="emp" class="com.accenture.lkm.cons.Employee">  
	<property name="id" value="2001"></property>	
	<property name="name" value="huzzi"></property> 
	
	<property name="address">
		<bean id="ad4" class="com.accenture.lkm.cons.Address">
			<constructor-arg value="Bandra"></constructor-arg>
			<constructor-arg value="Mumbai"></constructor-arg>
		</bean>
	</property>
</bean>

<!-- <bean id="addre" class="com.accenture.lkm.cons.Address" primary="true"  lazy-init="true"> -->
<!-- 	<constructor-arg value="Mumbai"></constructor-arg> -->
<!-- 	<constructor-arg value="City of Dreams"></constructor-arg> -->
<!-- </bean> -->

<!--  <bean id="addr1" class="com.accenture.lkm.cons.Address" lazy-init="true">  -->
 
<!--  	<constructor-arg index="0" value="NewYork"></constructor-arg> -->
<!--  	<constructor-arg index="1" value="City of Dreams"></constructor-arg>  -->
<!--  </bean>  -->

</beans>
