<?xml version="1.0" encoding="UTF-8"?>
<beans xmlns="http://www.springframework.org/schema/beans"
	xmlns:xsi="http://www.w3.org/2001/XMLSchema-instance"
	xmlns:c="http://www.springframework.org/schema/c"
	xmlns:context="http://www.springframework.org/schema/context"
	xmlns:p="http://www.springframework.org/schema/p"
	xsi:schemaLocation="http://www.springframework.org/schema/beans http://www.springframework.org/schema/beans/spring-beans.xsd
		http://www.springframework.org/schema/context http://www.springframework.org/schema/context/spring-context-4.2.xsd">

<bean id="emp" class="com.accenture.lkm.cons.Employee" autowire="constructor">  
<!-- 	<constructor-arg name="id" value="2001"></constructor-arg> -->
<!-- 	<constructor-arg name="name" value="Huzz"></constructor-arg> -->
<!-- 	<constructor-arg name="address" ref="addr"></constructor-arg> -->
</bean>
<bean id="addrs" class="com.accenture.lkm.cons.Address" primary="true">
	<constructor-arg value="Mumbai"></constructor-arg>
	<constructor-arg value="City of Dreams"></constructor-arg>
</bean>

 <bean id="addr1" class="com.accenture.lkm.cons.Address" > 
 	<constructor-arg index="0" value="Mumbai"></constructor-arg>
 	<constructor-arg index="1" value="City of Dreams"></constructor-arg> 
 </bean> 
</beans>
