<?xml version="1.0" encoding="UTF-8"?>
<beans xmlns="http://www.springframework.org/schema/beans"
	xmlns:xsi="http://www.w3.org/2001/XMLSchema-instance"
	xmlns:context="http://www.springframework.org/schema/context"
	xmlns:p="http://www.springframework.org/schema/p"
	xmlns:c="http://www.springframework.org/schema/c"
	xsi:schemaLocation="http://www.springframework.org/schema/beans http://www.springframework.org/schema/beans/spring-beans.xsd
		http://www.springframework.org/schema/context http://www.springframework.org/schema/context/spring-context-4.2.xsd">

<context:annotation-config></context:annotation-config>
<bean id="emp" class="com.accenture.lkm.cons.Employee">
	<constructor-arg name="id" value="2001"></constructor-arg>
	<constructor-arg name="name" value="Huzz"></constructor-arg>
	<constructor-arg name="address" ref="addr"></constructor-arg>
</bean>

<bean id="addr" class="com.accenture.lkm.cons.Address">
	<constructor-arg value="Mumbai"></constructor-arg>
	<constructor-arg value="City of Dreams"></constructor-arg>
</bean>

<!-- <bean id="addr1" class="com.accenture.lkm.cons.Address" lazy-init="true"> -->
<!-- 	<constructor-arg index="0" value="Mumbai"></constructor-arg> -->
<!-- 	<constructor-arg index="1" value="City of Dreams"></constructor-arg> -->
<!-- </bean> -->

<!-- <bean id="addr2" class="com.accenture.lkm.cons.Address" lazy-init="true"> -->
<!-- 	<constructor-arg name="addressLine1" value="Mumbai"></constructor-arg> -->
<!-- 	<constructor-arg name="addressLine2" value="City of Dreams"></constructor-arg> -->
<!-- </bean> -->

<!-- <bean id="addr3" class="com.accenture.lkm.cons.Address" lazy-init="true"> -->
<!-- 	<constructor-arg name="addressLine1" type="java.lang.String" value="Mumbai"></constructor-arg> -->
<!-- 	<constructor-arg name="addressLine2" value="City of Dreams"></constructor-arg> -->
<!-- </bean> -->

<!-- <bean id="emp2" class="com.accenture.lkm.cons.Employee" c:id="2002" c:name="Aakash" c:address-ref="addr2" lazy-init="true"/> -->
</beans>
