<?xml version="1.0" encoding="UTF-8"?>
<beans xmlns="http://www.springframework.org/schema/beans"
	xmlns:xsi="http://www.w3.org/2001/XMLSchema-instance"
	xmlns:context="http://www.springframework.org/schema/context"
	xmlns:p="http://www.springframework.org/schema/p"
	xsi:schemaLocation="http://www.springframework.org/schema/beans http://www.springframework.org/schema/beans/spring-beans.xsd
		http://www.springframework.org/schema/context http://www.springframework.org/schema/context/spring-context-4.2.xsd">

<bean id="e" class="com.accenture.lkm.Employee" scope="singleton">
	<property name="id" value="1001"></property>
	<property name="name" value="Sagar"></property>
	<property name="address" ref="a"></property>
</bean>
<bean id="a" class="com.accenture.lkm.Address" primary="true" lazy-init="true">
	<property name="addressLine1" value="NewYork"></property>
	<property name="addressLine2" value="Mumbai"></property>
</bean>

<bean id="a2" class="com.accenture.lkm.Address" p:addressLine1="Airoli" p:addressLine2="Mumbai" lazy-init="true"/>

<bean id="e2" class="com.accenture.lkm.Employee" p:id="101" p:name="huzz" p:address-ref="a2" lazy-init="true"/>
</beans>
