<?xml version="1.0" encoding="UTF-8"?>
<beans xmlns="http://www.springframework.org/schema/beans"
	xmlns:xsi="http://www.w3.org/2001/XMLSchema-instance"
	xmlns:context="http://www.springframework.org/schema/context"
	xmlns:jpa="http://www.springframework.org/schema/data/jpa"
	xmlns:tx="http://www.springframework.org/schema/tx"
	xsi:schemaLocation="http://www.springframework.org/schema/beans http://www.springframework.org/schema/beans/spring-beans.xsd
		http://www.springframework.org/schema/context http://www.springframework.org/schema/context/spring-context-4.2.xsd
		http://www.springframework.org/schema/data/jpa http://www.springframework.org/schema/data/jpa/spring-jpa-1.3.xsd
		http://www.springframework.org/schema/tx http://www.springframework.org/schema/tx/spring-tx-4.2.xsd">


<bean id="cst_DataSource" class="org.springframework.jdbc.datasource.DriverManagerDataSource" >
        <property name="driverClassName" value="com.mysql.jdbc.Driver" />
        <property name="url" value="jdbc:mysql://localhost:3306/jdbcdemos" />
        <property name="username" value="root" />
        <property name="password" value="root" />
    </bean>

 <bean id="cst_entityManagerFactory"	class="org.springframework.orm.jpa.LocalContainerEntityManagerFactoryBean">
		<property name="dataSource" ref="cst_DataSource" />
		<property name="jpaVendorAdapter">
			<bean class="org.springframework.orm.jpa.vendor.HibernateJpaVendorAdapter">
				<property name="showSql" value="true" />
				<property name="generateDdl" value="true" />
				<property name="databasePlatform" value="org.hibernate.dialect.MySQLDialect" />
			</bean>
		</property>
		<property name="packagesToScan" value="com.accenture.lkm.entity"></property>
	</bean>
	
	 <tx:annotation-driven transaction-manager="txManager"/>	
    <bean id="txManager" class="org.springframework.orm.jpa.JpaTransactionManager"> <!--  standard name for transactionManager is transactionManager-->
		<property name="entityManagerFactory" ref="cst_entityManagerFactory" />
	</bean>
	
	<jpa:repositories base-package="com.accenture.lkm.dao" transaction-manager-ref="txManager"> </jpa:repositories>
		
</beans>
